{
  "dev_precision": 0.04327628361858191,
  "dev_recall": 0.18475488674143933,
  "dev_map": 0.07023705493245021,
  "test_precision": 3.0248033877797946e-05,
  "test_recall": 0.00030248033877797946,
  "test_map": 0.00015124016938898973
}