model,precision,recall,map,variant
Rule,0.09103145795523292,0.3253701183034214,0.15278560528533522,FP-Growth
CF,0.05066545674531155,0.17956895351405333,0.07707293847722146,CF-only
Hybrid,0.07174833635813672,0.2549271286453682,0.10316666070794117,Hybrid
