model,variant,precision,recall,map
Rule,FP-Growth,0.0,0.0,0.0
CF,FP-Growth,0.024898125509372454,0.10609274136169002,0.033557721331763705
Hybrid,FP-Growth,0.043235533822330884,0.18461905408726925,0.06954123599090999
