{
  "dev_precision": 0.043235533822330884,
  "dev_recall": 0.18461905408726925,
  "dev_map": 0.06954123599090999,
  "test_precision": 3.0248033877797946e-05,
  "test_recall": 0.00030248033877797946,
  "test_map": 0.00015124016938898973
}